-- EMPRESA
INSERT INTO TB_EMPRESA(CODIGO_EMPRESA, TELEFONE, ENDERECO, CNPJ, NOME, INSCRICAO_ESTADUAL) VALUES(1,1,'Rua X 97, São Paulo, São Paulo, 99999-999','99999999999999','MVP Skins','999999999');

-- GENERO
INSERT INTO TB_GENERO(CODIGO_GENERO, NOME_GENERO) VALUES(1,'Masculino');
INSERT INTO TB_GENERO(CODIGO_GENERO, NOME_GENERO) VALUES(2,'Feminino');
INSERT INTO TB_GENERO(CODIGO_GENERO, NOME_GENERO) VALUES(3,'Prefiro não informar');

-- CATEGORIA_PRECO
INSERT INTO TB_CATEGORIA_PRECO(CODIGO_CATEGORIA_PRECO, DESCRICAO) VALUES(1,'VENDA');
INSERT INTO TB_CATEGORIA_PRECO(CODIGO_CATEGORIA_PRECO, DESCRICAO) VALUES(2,'COMPRA');

-- EXTERIOR
INSERT INTO TB_EXTERIOR(CODIGO_EXTERIOR, DESCRICAO) VALUES(1,'Nova de Fábrica (Factory New)');
INSERT INTO TB_EXTERIOR(CODIGO_EXTERIOR, DESCRICAO) VALUES(2,'Pouco Usada (Minimal Wear)');
INSERT INTO TB_EXTERIOR(CODIGO_EXTERIOR, DESCRICAO) VALUES(3,'Testada em Campo (Field-Tested)');
INSERT INTO TB_EXTERIOR(CODIGO_EXTERIOR, DESCRICAO) VALUES(4,'Bem desgastada (Well-Worn)');
INSERT INTO TB_EXTERIOR(CODIGO_EXTERIOR, DESCRICAO) VALUES(5,'Veterana de Guerra (Battle-Scarred)');

-- COLECAO
INSERT INTO TB_COLECAO(CODIGO_COLECAO, DESCRICAO) VALUES(1,'A 2ª Coleção Cromática');
INSERT INTO TB_COLECAO(CODIGO_COLECAO, DESCRICAO) VALUES(2,'A 2ª Coleção Prismática');
INSERT INTO TB_COLECAO(CODIGO_COLECAO, DESCRICAO) VALUES(3,'A 3ª Coleção do Negócio Bélico');
INSERT INTO TB_COLECAO(CODIGO_COLECAO, DESCRICAO) VALUES(4,'A Coleção Ancient');
INSERT INTO TB_COLECAO(CODIGO_COLECAO, DESCRICAO) VALUES(5,'A Coleção Cobblestone');
INSERT INTO TB_COLECAO(CODIGO_COLECAO, DESCRICAO) VALUES(6,'A Coleção CS20');
INSERT INTO TB_COLECAO(CODIGO_COLECAO, DESCRICAO) VALUES(7,'A Coleção da Ofensiva de Fim de Ano');
INSERT INTO TB_COLECAO(CODIGO_COLECAO, DESCRICAO) VALUES(8,'A Coleção Deuses e Monstros');
INSERT INTO TB_COLECAO(CODIGO_COLECAO, DESCRICAO) VALUES(9,'A Coleção do Caçador');
INSERT INTO TB_COLECAO(CODIGO_COLECAO, DESCRICAO) VALUES(10,'A Coleção do Caos');
INSERT INTO TB_COLECAO(CODIGO_COLECAO, DESCRICAO) VALUES(11,'A Coleção do Controle');
INSERT INTO TB_COLECAO(CODIGO_COLECAO, DESCRICAO) VALUES(12,'A Coleção do Ferro Velho');
INSERT INTO TB_COLECAO(CODIGO_COLECAO, DESCRICAO) VALUES(13,'A Coleção do Horizonte');
INSERT INTO TB_COLECAO(CODIGO_COLECAO, DESCRICAO) VALUES(14,'A Coleção do Negócio Bélico');
INSERT INTO TB_COLECAO(CODIGO_COLECAO, DESCRICAO) VALUES(15,'A Coleção do Revólver');
INSERT INTO TB_COLECAO(CODIGO_COLECAO, DESCRICAO) VALUES(16,'A Coleção Dust 2 de 2021');
INSERT INTO TB_COLECAO(CODIGO_COLECAO, DESCRICAO) VALUES(17,'A Coleção Fênix');
INSERT INTO TB_COLECAO(CODIGO_COLECAO, DESCRICAO) VALUES(18,'A Coleção Fraturada');
INSERT INTO TB_COLECAO(CODIGO_COLECAO, DESCRICAO) VALUES(19,'A Coleção Libertação');
INSERT INTO TB_COLECAO(CODIGO_COLECAO, DESCRICAO) VALUES(20,'A Coleção Mirage');
INSERT INTO TB_COLECAO(CODIGO_COLECAO, DESCRICAO) VALUES(21,'A Coleção Nórdica');
INSERT INTO TB_COLECAO(CODIGO_COLECAO, DESCRICAO) VALUES(22,'A Coleção Sombria');
INSERT INTO TB_COLECAO(CODIGO_COLECAO, DESCRICAO) VALUES(23,'A Coleção St. Marc');
INSERT INTO TB_COLECAO(CODIGO_COLECAO, DESCRICAO) VALUES(24,'A Coleção Teia Fragmentada');
INSERT INTO TB_COLECAO(CODIGO_COLECAO, DESCRICAO) VALUES(25,'A Coleção Train');
INSERT INTO TB_COLECAO(CODIGO_COLECAO, DESCRICAO) VALUES(26,'A Coleção Vanguarda');
INSERT INTO TB_COLECAO(CODIGO_COLECAO, DESCRICAO) VALUES(27,'Agentes da Operação Correnteza');
INSERT INTO TB_COLECAO(CODIGO_COLECAO, DESCRICAO) VALUES(28,'Agentes da Presa Quebrada');
INSERT INTO TB_COLECAO(CODIGO_COLECAO, DESCRICAO) VALUES(29,'Agentes da Teia Fragmentada');

-- RARIDADE
INSERT INTO TB_RARIDADE(CODIGO_RARIDADE, DESCRICAO) VALUES(1,'Azul');
INSERT INTO TB_RARIDADE(CODIGO_RARIDADE, DESCRICAO) VALUES(2,'Roxo');
INSERT INTO TB_RARIDADE(CODIGO_RARIDADE, DESCRICAO) VALUES(3,'Pink');
INSERT INTO TB_RARIDADE(CODIGO_RARIDADE, DESCRICAO) VALUES(4,'Vermelho');
INSERT INTO TB_RARIDADE(CODIGO_RARIDADE, DESCRICAO) VALUES(5,'Faca/Luva');

-- CATEGORIA
INSERT INTO TB_CATEGORIA_PRODUTO(CODIGO_CATEGORIA, DESCRICAO) VALUES(1,'PISTOLAS');
INSERT INTO TB_CATEGORIA_PRODUTO(CODIGO_CATEGORIA, DESCRICAO) VALUES(2,'SUBMETRALHADORA');
INSERT INTO TB_CATEGORIA_PRODUTO(CODIGO_CATEGORIA, DESCRICAO) VALUES(3,'RIFLES');
INSERT INTO TB_CATEGORIA_PRODUTO(CODIGO_CATEGORIA, DESCRICAO) VALUES(4,'AGENTES');
INSERT INTO TB_CATEGORIA_PRODUTO(CODIGO_CATEGORIA, DESCRICAO) VALUES(5,'PESADAS');

-- SUBCATEGORIA
INSERT INTO TB_SUBCATEGORIA_PRODUTO(CODIGO_SUBCATEGORIA, CODIGO_CATEGORIA, DESCRICAO) VALUES(1,1,'Desert Eagle');
INSERT INTO TB_SUBCATEGORIA_PRODUTO(CODIGO_SUBCATEGORIA, CODIGO_CATEGORIA, DESCRICAO) VALUES(2,1,'Five-SeveN');
INSERT INTO TB_SUBCATEGORIA_PRODUTO(CODIGO_SUBCATEGORIA, CODIGO_CATEGORIA, DESCRICAO) VALUES(3,1,'Glock-18');
INSERT INTO TB_SUBCATEGORIA_PRODUTO(CODIGO_SUBCATEGORIA, CODIGO_CATEGORIA, DESCRICAO) VALUES(4,1,'P2000');
INSERT INTO TB_SUBCATEGORIA_PRODUTO(CODIGO_SUBCATEGORIA, CODIGO_CATEGORIA, DESCRICAO) VALUES(5,1,'USP-S');
INSERT INTO TB_SUBCATEGORIA_PRODUTO(CODIGO_SUBCATEGORIA, CODIGO_CATEGORIA, DESCRICAO) VALUES(1,2,'MAC-10');
INSERT INTO TB_SUBCATEGORIA_PRODUTO(CODIGO_SUBCATEGORIA, CODIGO_CATEGORIA, DESCRICAO) VALUES(2,2,'MP9');
INSERT INTO TB_SUBCATEGORIA_PRODUTO(CODIGO_SUBCATEGORIA, CODIGO_CATEGORIA, DESCRICAO) VALUES(3,2,'P90');
INSERT INTO TB_SUBCATEGORIA_PRODUTO(CODIGO_SUBCATEGORIA, CODIGO_CATEGORIA, DESCRICAO) VALUES(4,2,'UMP-45');
INSERT INTO TB_SUBCATEGORIA_PRODUTO(CODIGO_SUBCATEGORIA, CODIGO_CATEGORIA, DESCRICAO) VALUES(1,3,'AK-47');
INSERT INTO TB_SUBCATEGORIA_PRODUTO(CODIGO_SUBCATEGORIA, CODIGO_CATEGORIA, DESCRICAO) VALUES(2,3,'M4A4');
INSERT INTO TB_SUBCATEGORIA_PRODUTO(CODIGO_SUBCATEGORIA, CODIGO_CATEGORIA, DESCRICAO) VALUES(3,3,'SG 553');
INSERT INTO TB_SUBCATEGORIA_PRODUTO(CODIGO_SUBCATEGORIA, CODIGO_CATEGORIA, DESCRICAO) VALUES(1,4,'Distinto');
INSERT INTO TB_SUBCATEGORIA_PRODUTO(CODIGO_SUBCATEGORIA, CODIGO_CATEGORIA, DESCRICAO) VALUES(2,4,'Excepcional');
INSERT INTO TB_SUBCATEGORIA_PRODUTO(CODIGO_SUBCATEGORIA, CODIGO_CATEGORIA, DESCRICAO) VALUES(3,4,'Mestre');
INSERT INTO TB_SUBCATEGORIA_PRODUTO(CODIGO_SUBCATEGORIA, CODIGO_CATEGORIA, DESCRICAO) VALUES(4,4,'Superior');
INSERT INTO TB_SUBCATEGORIA_PRODUTO(CODIGO_SUBCATEGORIA, CODIGO_CATEGORIA, DESCRICAO) VALUES(1,5,'Cano Curto');
INSERT INTO TB_SUBCATEGORIA_PRODUTO(CODIGO_SUBCATEGORIA, CODIGO_CATEGORIA, DESCRICAO) VALUES(2,5,'XM1014');
INSERT INTO TB_SUBCATEGORIA_PRODUTO(CODIGO_SUBCATEGORIA, CODIGO_CATEGORIA, DESCRICAO) VALUES(1,6,'Faca');
INSERT INTO TB_SUBCATEGORIA_PRODUTO(CODIGO_SUBCATEGORIA, CODIGO_CATEGORIA, DESCRICAO) VALUES(1,7,'Luva');

-- PRODUTO
INSERT INTO TB_PRODUTO(CODIGO_PRODUTO, DESCRICAO, CODIGO_CATEGORIA, CODIGO_SUBCATEGORIA, CODIGO_COLECAO, CODIGO_RARIDADE, CODIGO_EXTERIOR, FLOAT_DESGASTE, PATTERN, TRADE_LOCK, URL_IMAGEM_PRODUTO)  VALUES(1,'FragCam Vermelha',1,4,3,2,2,0.08,1000,7,'pistola-fragcam-vermelha');
INSERT INTO TB_PRODUTO(CODIGO_PRODUTO, DESCRICAO, CODIGO_CATEGORIA, CODIGO_SUBCATEGORIA, CODIGO_COLECAO, CODIGO_RARIDADE, CODIGO_EXTERIOR, FLOAT_DESGASTE, PATTERN, TRADE_LOCK, URL_IMAGEM_PRODUTO)  VALUES(2,'Relíquia',1,1,3,2,1,0.04,1000,7,'pistola-reliquia');
INSERT INTO TB_PRODUTO(CODIGO_PRODUTO, DESCRICAO, CODIGO_CATEGORIA, CODIGO_SUBCATEGORIA, CODIGO_COLECAO, CODIGO_RARIDADE, CODIGO_EXTERIOR, FLOAT_DESGASTE, PATTERN, TRADE_LOCK, URL_IMAGEM_PRODUTO)  VALUES(3,'Visões Ancestrais',1,5,4,1,3,0.23,1000,7,'pistola-visoes-ancestrais');
INSERT INTO TB_PRODUTO(CODIGO_PRODUTO, DESCRICAO, CODIGO_CATEGORIA, CODIGO_SUBCATEGORIA, CODIGO_COLECAO, CODIGO_RARIDADE, CODIGO_EXTERIOR, FLOAT_DESGASTE, PATTERN, TRADE_LOCK, URL_IMAGEM_PRODUTO)  VALUES(4,'Visões Ancestrais',1,5,4,1,4,0.44,1000,7,'pistola-visoes-ancestrais');
INSERT INTO TB_PRODUTO(CODIGO_PRODUTO, DESCRICAO, CODIGO_CATEGORIA, CODIGO_SUBCATEGORIA, CODIGO_COLECAO, CODIGO_RARIDADE, CODIGO_EXTERIOR, FLOAT_DESGASTE, PATTERN, TRADE_LOCK, URL_IMAGEM_PRODUTO)  VALUES(5,'Visões Ancestrais',1,5,4,1,1,0.06,1000,7,'pistola-visoes-ancestrais');
INSERT INTO TB_PRODUTO(CODIGO_PRODUTO, DESCRICAO, CODIGO_CATEGORIA, CODIGO_SUBCATEGORIA, CODIGO_COLECAO, CODIGO_RARIDADE, CODIGO_EXTERIOR, FLOAT_DESGASTE, PATTERN, TRADE_LOCK, URL_IMAGEM_PRODUTO)  VALUES(6,'Azul Real',1,5,5,1,5,0.54,1000,7,'pistola-azul-real');
INSERT INTO TB_PRODUTO(CODIGO_PRODUTO, DESCRICAO, CODIGO_CATEGORIA, CODIGO_SUBCATEGORIA, CODIGO_COLECAO, CODIGO_RARIDADE, CODIGO_EXTERIOR, FLOAT_DESGASTE, PATTERN, TRADE_LOCK, URL_IMAGEM_PRODUTO)  VALUES(7,'Franklin',1,3,10,2,5,0.81,1000,7,'pistola-franklin');
INSERT INTO TB_PRODUTO(CODIGO_PRODUTO, DESCRICAO, CODIGO_CATEGORIA, CODIGO_SUBCATEGORIA, CODIGO_COLECAO, CODIGO_RARIDADE, CODIGO_EXTERIOR, FLOAT_DESGASTE, PATTERN, TRADE_LOCK, URL_IMAGEM_PRODUTO)  VALUES(8,'Código Vermelho',1,1,13,3,5,0.66,1000,7,'pistola-codigo-vermelho');
INSERT INTO TB_PRODUTO(CODIGO_PRODUTO, DESCRICAO, CODIGO_CATEGORIA, CODIGO_SUBCATEGORIA, CODIGO_COLECAO, CODIGO_RARIDADE, CODIGO_EXTERIOR, FLOAT_DESGASTE, PATTERN, TRADE_LOCK, URL_IMAGEM_PRODUTO)  VALUES(9,'Cadeia de Caracteres',1,1,18,2,4,0.45,1000,7,'pistola-cadeia-de-caracteres');
INSERT INTO TB_PRODUTO(CODIGO_PRODUTO, DESCRICAO, CODIGO_CATEGORIA, CODIGO_SUBCATEGORIA, CODIGO_COLECAO, CODIGO_RARIDADE, CODIGO_EXTERIOR, FLOAT_DESGASTE, PATTERN, TRADE_LOCK, URL_IMAGEM_PRODUTO)  VALUES(10,'Vítima Confirmada',1,5,22,3,5,0.52,1000,7,'pistola-vitima-confirmada');
INSERT INTO TB_PRODUTO(CODIGO_PRODUTO, DESCRICAO, CODIGO_CATEGORIA, CODIGO_SUBCATEGORIA, CODIGO_COLECAO, CODIGO_RARIDADE, CODIGO_EXTERIOR, FLOAT_DESGASTE, PATTERN, TRADE_LOCK, URL_IMAGEM_PRODUTO)  VALUES(11,'Piloto Neon',2,1,1,4,4,0.44,1000,7,'submetralhadora-piloto-neon');
INSERT INTO TB_PRODUTO(CODIGO_PRODUTO, DESCRICAO, CODIGO_CATEGORIA, CODIGO_SUBCATEGORIA, CODIGO_COLECAO, CODIGO_RARIDADE, CODIGO_EXTERIOR, FLOAT_DESGASTE, PATTERN, TRADE_LOCK, URL_IMAGEM_PRODUTO)  VALUES(12,'Discoteca',2,1,2,2,5,0.91,1000,7,'submetralhadora-discoteca');
INSERT INTO TB_PRODUTO(CODIGO_PRODUTO, DESCRICAO, CODIGO_CATEGORIA, CODIGO_SUBCATEGORIA, CODIGO_COLECAO, CODIGO_RARIDADE, CODIGO_EXTERIOR, FLOAT_DESGASTE, PATTERN, TRADE_LOCK, URL_IMAGEM_PRODUTO)  VALUES(13,'Nostalgia',2,3,6,1,2,0.11,1000,7,'submetralhadora-nostalgia');
INSERT INTO TB_PRODUTO(CODIGO_PRODUTO, DESCRICAO, CODIGO_CATEGORIA, CODIGO_SUBCATEGORIA, CODIGO_COLECAO, CODIGO_RARIDADE, CODIGO_EXTERIOR, FLOAT_DESGASTE, PATTERN, TRADE_LOCK, URL_IMAGEM_PRODUTO)  VALUES(14,'Cena do Crime',2,4,11,1,5,0.91,1000,7,'submetralhadora-cena-do-crime');
INSERT INTO TB_PRODUTO(CODIGO_PRODUTO, DESCRICAO, CODIGO_CATEGORIA, CODIGO_SUBCATEGORIA, CODIGO_COLECAO, CODIGO_RARIDADE, CODIGO_EXTERIOR, FLOAT_DESGASTE, PATTERN, TRADE_LOCK, URL_IMAGEM_PRODUTO)  VALUES(15,'Degradê',2,1,12,1,2,0.11,1000,7,'submetralhadora-degrade');
INSERT INTO TB_PRODUTO(CODIGO_PRODUTO, DESCRICAO, CODIGO_CATEGORIA, CODIGO_SUBCATEGORIA, CODIGO_COLECAO, CODIGO_RARIDADE, CODIGO_EXTERIOR, FLOAT_DESGASTE, PATTERN, TRADE_LOCK, URL_IMAGEM_PRODUTO)  VALUES(16,'Aquecimento de Aço',2,1,16,1,2,0.15,1000,7,'submetralhadora-aquecimento-de-aco');
INSERT INTO TB_PRODUTO(CODIGO_PRODUTO, DESCRICAO, CODIGO_CATEGORIA, CODIGO_SUBCATEGORIA, CODIGO_COLECAO, CODIGO_RARIDADE, CODIGO_EXTERIOR, FLOAT_DESGASTE, PATTERN, TRADE_LOCK, URL_IMAGEM_PRODUTO)  VALUES(17,'Asiimov',2,3,19,2,5,0.99,1000,7,'submetralhadora-asiimov');
INSERT INTO TB_PRODUTO(CODIGO_PRODUTO, DESCRICAO, CODIGO_CATEGORIA, CODIGO_SUBCATEGORIA, CODIGO_COLECAO, CODIGO_RARIDADE, CODIGO_EXTERIOR, FLOAT_DESGASTE, PATTERN, TRADE_LOCK, URL_IMAGEM_PRODUTO)  VALUES(18,'Arma Esportiva',2,2,20,3,3,0.33,1000,7,'submetralhadora-arma-esportiva');
INSERT INTO TB_PRODUTO(CODIGO_PRODUTO, DESCRICAO, CODIGO_CATEGORIA, CODIGO_SUBCATEGORIA, CODIGO_COLECAO, CODIGO_RARIDADE, CODIGO_EXTERIOR, FLOAT_DESGASTE, PATTERN, TRADE_LOCK, URL_IMAGEM_PRODUTO)  VALUES(19,'Lírio Selvagem',2,2,23,2,5,0.52,1000,7,'submetralhadora-lirio-selvagem');
INSERT INTO TB_PRODUTO(CODIGO_PRODUTO, DESCRICAO, CODIGO_CATEGORIA, CODIGO_SUBCATEGORIA, CODIGO_COLECAO, CODIGO_RARIDADE, CODIGO_EXTERIOR, FLOAT_DESGASTE, PATTERN, TRADE_LOCK, URL_IMAGEM_PRODUTO)  VALUES(20,'Perseguidora',2,1,24,1,2,0.11,1000,7,'submetralhadora-perseguidora');
INSERT INTO TB_PRODUTO(CODIGO_PRODUTO, DESCRICAO, CODIGO_CATEGORIA, CODIGO_SUBCATEGORIA, CODIGO_COLECAO, CODIGO_RARIDADE, CODIGO_EXTERIOR, FLOAT_DESGASTE, PATTERN, TRADE_LOCK, URL_IMAGEM_PRODUTO)  VALUES(21,'Perseguidora',2,1,24,1,2,0.14,1000,7,'submetralhadora-perseguidora');
INSERT INTO TB_PRODUTO(CODIGO_PRODUTO, DESCRICAO, CODIGO_CATEGORIA, CODIGO_SUBCATEGORIA, CODIGO_COLECAO, CODIGO_RARIDADE, CODIGO_EXTERIOR, FLOAT_DESGASTE, PATTERN, TRADE_LOCK, URL_IMAGEM_PRODUTO)  VALUES(22,'Asiimov',3,2,7,1,5,0.97,1000,7,'rifle-asiimov');
INSERT INTO TB_PRODUTO(CODIGO_PRODUTO, DESCRICAO, CODIGO_CATEGORIA, CODIGO_SUBCATEGORIA, CODIGO_COLECAO, CODIGO_RARIDADE, CODIGO_EXTERIOR, FLOAT_DESGASTE, PATTERN, TRADE_LOCK, URL_IMAGEM_PRODUTO)  VALUES(23,'Poseidon',3,2,8,1,5,0.52,1000,7,'rifle-poseidon');
INSERT INTO TB_PRODUTO(CODIGO_PRODUTO, DESCRICAO, CODIGO_CATEGORIA, CODIGO_SUBCATEGORIA, CODIGO_COLECAO, CODIGO_RARIDADE, CODIGO_EXTERIOR, FLOAT_DESGASTE, PATTERN, TRADE_LOCK, URL_IMAGEM_PRODUTO)  VALUES(24,'Vulcan',3,1,9,2,5,0.82,1000,7,'rifle-vulcan');
INSERT INTO TB_PRODUTO(CODIGO_PRODUTO, DESCRICAO, CODIGO_CATEGORIA, CODIGO_SUBCATEGORIA, CODIGO_COLECAO, CODIGO_RARIDADE, CODIGO_EXTERIOR, FLOAT_DESGASTE, PATTERN, TRADE_LOCK, URL_IMAGEM_PRODUTO)  VALUES(25,'Uivo',3,2,9,2,3,0.31,1000,7,'rifle-uivo');
INSERT INTO TB_PRODUTO(CODIGO_PRODUTO, DESCRICAO, CODIGO_CATEGORIA, CODIGO_SUBCATEGORIA, CODIGO_COLECAO, CODIGO_RARIDADE, CODIGO_EXTERIOR, FLOAT_DESGASTE, PATTERN, TRADE_LOCK, URL_IMAGEM_PRODUTO)  VALUES(26,'Fósforo Azul',3,2,11,1,3,0.31,1000,7,'rifle-fosforo-azul');
INSERT INTO TB_PRODUTO(CODIGO_PRODUTO, DESCRICAO, CODIGO_CATEGORIA, CODIGO_SUBCATEGORIA, CODIGO_COLECAO, CODIGO_RARIDADE, CODIGO_EXTERIOR, FLOAT_DESGASTE, PATTERN, TRADE_LOCK, URL_IMAGEM_PRODUTO)  VALUES(27,'Aquecimento de Aço',3,1,14,3,3,0.36,1000,7,'rifle-aquecimento-de-aco');
INSERT INTO TB_PRODUTO(CODIGO_PRODUTO, DESCRICAO, CODIGO_CATEGORIA, CODIGO_SUBCATEGORIA, CODIGO_COLECAO, CODIGO_RARIDADE, CODIGO_EXTERIOR, FLOAT_DESGASTE, PATTERN, TRADE_LOCK, URL_IMAGEM_PRODUTO)  VALUES(28,'Mariposa',3,3,15,3,3,0.28,1000,7,'rifle-mariposa');
INSERT INTO TB_PRODUTO(CODIGO_PRODUTO, DESCRICAO, CODIGO_CATEGORIA, CODIGO_SUBCATEGORIA, CODIGO_COLECAO, CODIGO_RARIDADE, CODIGO_EXTERIOR, FLOAT_DESGASTE, PATTERN, TRADE_LOCK, URL_IMAGEM_PRODUTO)  VALUES(29,'Mariposa',3,3,15,3,4,0.39,1000,7,'rifle-mariposa');
INSERT INTO TB_PRODUTO(CODIGO_PRODUTO, DESCRICAO, CODIGO_CATEGORIA, CODIGO_SUBCATEGORIA, CODIGO_COLECAO, CODIGO_RARIDADE, CODIGO_EXTERIOR, FLOAT_DESGASTE, PATTERN, TRADE_LOCK, URL_IMAGEM_PRODUTO)  VALUES(30,'Arabesca Dourada',3,1,16,1,5,0.99,1000,7,'rifle-arabesca-dourada');
INSERT INTO TB_PRODUTO(CODIGO_PRODUTO, DESCRICAO, CODIGO_CATEGORIA, CODIGO_SUBCATEGORIA, CODIGO_COLECAO, CODIGO_RARIDADE, CODIGO_EXTERIOR, FLOAT_DESGASTE, PATTERN, TRADE_LOCK, URL_IMAGEM_PRODUTO)  VALUES(31,'Linhas Vermelhas',3,1,17,2,5,0.75,1000,7,'rifle-linhas-vermelhas');
INSERT INTO TB_PRODUTO(CODIGO_PRODUTO, DESCRICAO, CODIGO_CATEGORIA, CODIGO_SUBCATEGORIA, CODIGO_COLECAO, CODIGO_RARIDADE, CODIGO_EXTERIOR, FLOAT_DESGASTE, PATTERN, TRADE_LOCK, URL_IMAGEM_PRODUTO)  VALUES(32,'Sargento do Esquadrão D | NZSAS',4,1,26,1,3,0.23,1000,7,'agente-sargento-do-esquadrao-d');
INSERT INTO TB_PRODUTO(CODIGO_PRODUTO, DESCRICAO, CODIGO_CATEGORIA, CODIGO_SUBCATEGORIA, CODIGO_COLECAO, CODIGO_RARIDADE, CODIGO_EXTERIOR, FLOAT_DESGASTE, PATTERN, TRADE_LOCK, URL_IMAGEM_PRODUTO)  VALUES(33,'Caçador de Elite Solman | Guerrilheiros',4,4,26,1,5,0.99,1000,7,'agente-cacador-de-elite-solman');
INSERT INTO TB_PRODUTO(CODIGO_PRODUTO, DESCRICAO, CODIGO_CATEGORIA, CODIGO_SUBCATEGORIA, CODIGO_COLECAO, CODIGO_RARIDADE, CODIGO_EXTERIOR, FLOAT_DESGASTE, PATTERN, TRADE_LOCK, URL_IMAGEM_PRODUTO)  VALUES(34,'Primeiro-tenente Farlow | SWAT',4,4,28,2,5,0.75,1000,7,'agente-primeiro-tenente-farlow');
INSERT INTO TB_PRODUTO(CODIGO_PRODUTO, DESCRICAO, CODIGO_CATEGORIA, CODIGO_SUBCATEGORIA, CODIGO_COLECAO, CODIGO_RARIDADE, CODIGO_EXTERIOR, FLOAT_DESGASTE, PATTERN, TRADE_LOCK, URL_IMAGEM_PRODUTO)  VALUES(35,'Comte. Mae "Frio Mortal" Jamison | SWAT',4,3,28,2,5,0.80,1000,7,'agente-comte-mae-frio-mortal');
INSERT INTO TB_PRODUTO(CODIGO_PRODUTO, DESCRICAO, CODIGO_CATEGORIA, CODIGO_SUBCATEGORIA, CODIGO_COLECAO, CODIGO_RARIDADE, CODIGO_EXTERIOR, FLOAT_DESGASTE, PATTERN, TRADE_LOCK, URL_IMAGEM_PRODUTO)  VALUES(36,'Primeiro-tenente Farlow | SWAT',4,4,28,2,4,0.40,1000,7,'agente-primeiro-tenente-farlow');
INSERT INTO TB_PRODUTO(CODIGO_PRODUTO, DESCRICAO, CODIGO_CATEGORIA, CODIGO_SUBCATEGORIA, CODIGO_COLECAO, CODIGO_RARIDADE, CODIGO_EXTERIOR, FLOAT_DESGASTE, PATTERN, TRADE_LOCK, URL_IMAGEM_PRODUTO)  VALUES(37,'Agente Especial Ava | FBI',4,3,29,3,3,0.36,1000,7,'agente-agente-especial-ava');
INSERT INTO TB_PRODUTO(CODIGO_PRODUTO, DESCRICAO, CODIGO_CATEGORIA, CODIGO_SUBCATEGORIA, CODIGO_COLECAO, CODIGO_RARIDADE, CODIGO_EXTERIOR, FLOAT_DESGASTE, PATTERN, TRADE_LOCK, URL_IMAGEM_PRODUTO)  VALUES(38,'Chumbinho | NSWC SEAL',4,2,29,1,4,0.40,1000,7,'agente-chumbinho');
INSERT INTO TB_PRODUTO(CODIGO_PRODUTO, DESCRICAO, CODIGO_CATEGORIA, CODIGO_SUBCATEGORIA, CODIGO_COLECAO, CODIGO_RARIDADE, CODIGO_EXTERIOR, FLOAT_DESGASTE, PATTERN, TRADE_LOCK, URL_IMAGEM_PRODUTO)  VALUES(39,'Faquinha | Fênix',4,2,29,1,5,0.99,1000,7,'agente-faquinha');
INSERT INTO TB_PRODUTO(CODIGO_PRODUTO, DESCRICAO, CODIGO_CATEGORIA, CODIGO_SUBCATEGORIA, CODIGO_COLECAO, CODIGO_RARIDADE, CODIGO_EXTERIOR, FLOAT_DESGASTE, PATTERN, TRADE_LOCK, URL_IMAGEM_PRODUTO)  VALUES(40,'Executor | Fênix',4,1,29,1,3,0.23,1000,7,'agente-executor');
INSERT INTO TB_PRODUTO(CODIGO_PRODUTO, DESCRICAO, CODIGO_CATEGORIA, CODIGO_SUBCATEGORIA, CODIGO_COLECAO, CODIGO_RARIDADE, CODIGO_EXTERIOR, FLOAT_DESGASTE, PATTERN, TRADE_LOCK, URL_IMAGEM_PRODUTO)  VALUES(41,'Faquinha | Fênix',4,2,29,3,3,0.19,1000,7,'agente-faquinha');
INSERT INTO TB_PRODUTO(CODIGO_PRODUTO, DESCRICAO, CODIGO_CATEGORIA, CODIGO_SUBCATEGORIA, CODIGO_COLECAO, CODIGO_RARIDADE, CODIGO_EXTERIOR, FLOAT_DESGASTE, PATTERN, TRADE_LOCK, URL_IMAGEM_PRODUTO)  VALUES(42,'O Kraken',5,1,7,1,5,0.76,1000,7,'escopeta-o-kraken');
INSERT INTO TB_PRODUTO(CODIGO_PRODUTO, DESCRICAO, CODIGO_CATEGORIA, CODIGO_SUBCATEGORIA, CODIGO_COLECAO, CODIGO_RARIDADE, CODIGO_EXTERIOR, FLOAT_DESGASTE, PATTERN, TRADE_LOCK, URL_IMAGEM_PRODUTO)  VALUES(43,'Devoradora',5,1,13,2,5,0.75,1000,7,'escopeta-devoradora');
INSERT INTO TB_PRODUTO(CODIGO_PRODUTO, DESCRICAO, CODIGO_CATEGORIA, CODIGO_SUBCATEGORIA, CODIGO_COLECAO, CODIGO_RARIDADE, CODIGO_EXTERIOR, FLOAT_DESGASTE, PATTERN, TRADE_LOCK, URL_IMAGEM_PRODUTO)  VALUES(44,'Faraônica',5,2,18,2,3,0.36,1000,7,'escopeta-faraonica');
INSERT INTO TB_PRODUTO(CODIGO_PRODUTO, DESCRICAO, CODIGO_CATEGORIA, CODIGO_SUBCATEGORIA, CODIGO_COLECAO, CODIGO_RARIDADE, CODIGO_EXTERIOR, FLOAT_DESGASTE, PATTERN, TRADE_LOCK, URL_IMAGEM_PRODUTO)  VALUES(45,'Trança Congelada',5,2,21,3,5,0.78,1000,7,'escopeta-tranca-congelada');
INSERT INTO TB_PRODUTO(CODIGO_PRODUTO, DESCRICAO, CODIGO_CATEGORIA, CODIGO_SUBCATEGORIA, CODIGO_COLECAO, CODIGO_RARIDADE, CODIGO_EXTERIOR, FLOAT_DESGASTE, PATTERN, TRADE_LOCK, URL_IMAGEM_PRODUTO)  VALUES(46,'Folha de Bananeira',5,2,23,1,5,0.80,1000,7,'escopeta-folha-de-bananeira');
INSERT INTO TB_PRODUTO(CODIGO_PRODUTO, DESCRICAO, CODIGO_CATEGORIA, CODIGO_SUBCATEGORIA, CODIGO_COLECAO, CODIGO_RARIDADE, CODIGO_EXTERIOR, FLOAT_DESGASTE, PATTERN, TRADE_LOCK, URL_IMAGEM_PRODUTO)  VALUES(47,'Âmbar',5,1,25,2,5,0.78,1000,7,'escopeta-ambar');
INSERT INTO TB_PRODUTO(CODIGO_PRODUTO, DESCRICAO, CODIGO_CATEGORIA, CODIGO_SUBCATEGORIA, CODIGO_COLECAO, CODIGO_RARIDADE, CODIGO_EXTERIOR, FLOAT_DESGASTE, PATTERN, TRADE_LOCK, URL_IMAGEM_PRODUTO)  VALUES(48,'Tranquilidade',5,2,26,3,2,0.11,1000,7,'escopeta-tranquilidade');

-- PRECO
INSERT INTO TB_PRECO(CODIGO_PRODUTO, CODIGO_CATEGORIA_PRECO, DATA_VIGENCIA, VALOR_PRECO) VALUES(1,1,'2021-10-20',200.0);
INSERT INTO TB_PRECO(CODIGO_PRODUTO, CODIGO_CATEGORIA_PRECO, DATA_VIGENCIA, VALOR_PRECO) VALUES(2,1,'2021-10-20',300.0);
INSERT INTO TB_PRECO(CODIGO_PRODUTO, CODIGO_CATEGORIA_PRECO, DATA_VIGENCIA, VALOR_PRECO) VALUES(3,1,'2021-10-20',200.0);
INSERT INTO TB_PRECO(CODIGO_PRODUTO, CODIGO_CATEGORIA_PRECO, DATA_VIGENCIA, VALOR_PRECO) VALUES(4,1,'2021-10-20',500.0);
INSERT INTO TB_PRECO(CODIGO_PRODUTO, CODIGO_CATEGORIA_PRECO, DATA_VIGENCIA, VALOR_PRECO) VALUES(5,1,'2021-10-20',250.0);
INSERT INTO TB_PRECO(CODIGO_PRODUTO, CODIGO_CATEGORIA_PRECO, DATA_VIGENCIA, VALOR_PRECO) VALUES(6,1,'2021-10-20',149.99);
INSERT INTO TB_PRECO(CODIGO_PRODUTO, CODIGO_CATEGORIA_PRECO, DATA_VIGENCIA, VALOR_PRECO) VALUES(7,1,'2021-10-20',100.0);
INSERT INTO TB_PRECO(CODIGO_PRODUTO, CODIGO_CATEGORIA_PRECO, DATA_VIGENCIA, VALOR_PRECO) VALUES(8,1,'2021-10-20',220.0);
INSERT INTO TB_PRECO(CODIGO_PRODUTO, CODIGO_CATEGORIA_PRECO, DATA_VIGENCIA, VALOR_PRECO) VALUES(9,1,'2021-10-20',760.0);
INSERT INTO TB_PRECO(CODIGO_PRODUTO, CODIGO_CATEGORIA_PRECO, DATA_VIGENCIA, VALOR_PRECO) VALUES(10,1,'2021-10-20',210.0);
INSERT INTO TB_PRECO(CODIGO_PRODUTO, CODIGO_CATEGORIA_PRECO, DATA_VIGENCIA, VALOR_PRECO) VALUES(11,1,'2021-10-20',200.0);
INSERT INTO TB_PRECO(CODIGO_PRODUTO, CODIGO_CATEGORIA_PRECO, DATA_VIGENCIA, VALOR_PRECO) VALUES(12,1,'2021-10-20',320.0);
INSERT INTO TB_PRECO(CODIGO_PRODUTO, CODIGO_CATEGORIA_PRECO, DATA_VIGENCIA, VALOR_PRECO) VALUES(13,1,'2021-10-20',200.0);
INSERT INTO TB_PRECO(CODIGO_PRODUTO, CODIGO_CATEGORIA_PRECO, DATA_VIGENCIA, VALOR_PRECO) VALUES(14,1,'2021-10-20',200.0);
INSERT INTO TB_PRECO(CODIGO_PRODUTO, CODIGO_CATEGORIA_PRECO, DATA_VIGENCIA, VALOR_PRECO) VALUES(15,1,'2021-10-20',180.0);
INSERT INTO TB_PRECO(CODIGO_PRODUTO, CODIGO_CATEGORIA_PRECO, DATA_VIGENCIA, VALOR_PRECO) VALUES(16,1,'2021-10-20',215.50);
INSERT INTO TB_PRECO(CODIGO_PRODUTO, CODIGO_CATEGORIA_PRECO, DATA_VIGENCIA, VALOR_PRECO) VALUES(17,1,'2021-10-20',200.0);
INSERT INTO TB_PRECO(CODIGO_PRODUTO, CODIGO_CATEGORIA_PRECO, DATA_VIGENCIA, VALOR_PRECO) VALUES(18,1,'2021-10-20',200.0);
INSERT INTO TB_PRECO(CODIGO_PRODUTO, CODIGO_CATEGORIA_PRECO, DATA_VIGENCIA, VALOR_PRECO) VALUES(19,1,'2021-10-20',899.99);
INSERT INTO TB_PRECO(CODIGO_PRODUTO, CODIGO_CATEGORIA_PRECO, DATA_VIGENCIA, VALOR_PRECO) VALUES(20,1,'2021-10-20',149.99);
INSERT INTO TB_PRECO(CODIGO_PRODUTO, CODIGO_CATEGORIA_PRECO, DATA_VIGENCIA, VALOR_PRECO) VALUES(21,1,'2021-10-20',404.0);
INSERT INTO TB_PRECO(CODIGO_PRODUTO, CODIGO_CATEGORIA_PRECO, DATA_VIGENCIA, VALOR_PRECO) VALUES(22,1,'2021-10-20',200.0);
INSERT INTO TB_PRECO(CODIGO_PRODUTO, CODIGO_CATEGORIA_PRECO, DATA_VIGENCIA, VALOR_PRECO) VALUES(23,1,'2021-10-20',760.0);
INSERT INTO TB_PRECO(CODIGO_PRODUTO, CODIGO_CATEGORIA_PRECO, DATA_VIGENCIA, VALOR_PRECO) VALUES(24,1,'2021-10-20',175.0);
INSERT INTO TB_PRECO(CODIGO_PRODUTO, CODIGO_CATEGORIA_PRECO, DATA_VIGENCIA, VALOR_PRECO) VALUES(25,1,'2021-10-20',200.0);
INSERT INTO TB_PRECO(CODIGO_PRODUTO, CODIGO_CATEGORIA_PRECO, DATA_VIGENCIA, VALOR_PRECO) VALUES(26,1,'2021-10-20',149.99);
INSERT INTO TB_PRECO(CODIGO_PRODUTO, CODIGO_CATEGORIA_PRECO, DATA_VIGENCIA, VALOR_PRECO) VALUES(27,1,'2021-10-20',200.0);
INSERT INTO TB_PRECO(CODIGO_PRODUTO, CODIGO_CATEGORIA_PRECO, DATA_VIGENCIA, VALOR_PRECO) VALUES(28,1,'2021-10-20',200.0);
INSERT INTO TB_PRECO(CODIGO_PRODUTO, CODIGO_CATEGORIA_PRECO, DATA_VIGENCIA, VALOR_PRECO) VALUES(29,1,'2021-10-20',775.99);
INSERT INTO TB_PRECO(CODIGO_PRODUTO, CODIGO_CATEGORIA_PRECO, DATA_VIGENCIA, VALOR_PRECO) VALUES(30,1,'2021-10-20',301.0);
INSERT INTO TB_PRECO(CODIGO_PRODUTO, CODIGO_CATEGORIA_PRECO, DATA_VIGENCIA, VALOR_PRECO) VALUES(31,1,'2021-10-20',403.0);
INSERT INTO TB_PRECO(CODIGO_PRODUTO, CODIGO_CATEGORIA_PRECO, DATA_VIGENCIA, VALOR_PRECO) VALUES(32,1,'2021-10-20',777.0);
INSERT INTO TB_PRECO(CODIGO_PRODUTO, CODIGO_CATEGORIA_PRECO, DATA_VIGENCIA, VALOR_PRECO) VALUES(33,1,'2021-10-20',200.0);
INSERT INTO TB_PRECO(CODIGO_PRODUTO, CODIGO_CATEGORIA_PRECO, DATA_VIGENCIA, VALOR_PRECO) VALUES(34,1,'2021-10-20',575.99);
INSERT INTO TB_PRECO(CODIGO_PRODUTO, CODIGO_CATEGORIA_PRECO, DATA_VIGENCIA, VALOR_PRECO) VALUES(35,1,'2021-10-20',800.0);
INSERT INTO TB_PRECO(CODIGO_PRODUTO, CODIGO_CATEGORIA_PRECO, DATA_VIGENCIA, VALOR_PRECO) VALUES(36,1,'2021-10-20',600.0);
INSERT INTO TB_PRECO(CODIGO_PRODUTO, CODIGO_CATEGORIA_PRECO, DATA_VIGENCIA, VALOR_PRECO) VALUES(37,1,'2021-10-20',200.0);
INSERT INTO TB_PRECO(CODIGO_PRODUTO, CODIGO_CATEGORIA_PRECO, DATA_VIGENCIA, VALOR_PRECO) VALUES(38,1,'2021-10-20',1001.0);
INSERT INTO TB_PRECO(CODIGO_PRODUTO, CODIGO_CATEGORIA_PRECO, DATA_VIGENCIA, VALOR_PRECO) VALUES(39,1,'2021-10-20',1300.99);
INSERT INTO TB_PRECO(CODIGO_PRODUTO, CODIGO_CATEGORIA_PRECO, DATA_VIGENCIA, VALOR_PRECO) VALUES(40,1,'2021-10-20',1499.99);
INSERT INTO TB_PRECO(CODIGO_PRODUTO, CODIGO_CATEGORIA_PRECO, DATA_VIGENCIA, VALOR_PRECO) VALUES(41,1,'2021-10-20',290.0);
INSERT INTO TB_PRECO(CODIGO_PRODUTO, CODIGO_CATEGORIA_PRECO, DATA_VIGENCIA, VALOR_PRECO) VALUES(42,1,'2021-10-20',800.0);
INSERT INTO TB_PRECO(CODIGO_PRODUTO, CODIGO_CATEGORIA_PRECO, DATA_VIGENCIA, VALOR_PRECO) VALUES(43,1,'2021-10-20',965.0);
INSERT INTO TB_PRECO(CODIGO_PRODUTO, CODIGO_CATEGORIA_PRECO, DATA_VIGENCIA, VALOR_PRECO) VALUES(44,1,'2021-10-20',840.0);
INSERT INTO TB_PRECO(CODIGO_PRODUTO, CODIGO_CATEGORIA_PRECO, DATA_VIGENCIA, VALOR_PRECO) VALUES(45,1,'2021-10-20',304.0);
INSERT INTO TB_PRECO(CODIGO_PRODUTO, CODIGO_CATEGORIA_PRECO, DATA_VIGENCIA, VALOR_PRECO) VALUES(46,1,'2021-10-20',298.50);
INSERT INTO TB_PRECO(CODIGO_PRODUTO, CODIGO_CATEGORIA_PRECO, DATA_VIGENCIA, VALOR_PRECO) VALUES(47,1,'2021-10-20',200.0);
INSERT INTO TB_PRECO(CODIGO_PRODUTO, CODIGO_CATEGORIA_PRECO, DATA_VIGENCIA, VALOR_PRECO) VALUES(48,1,'2021-10-20',298.50);

-- FORMA_PAGAMENTO
INSERT INTO TB_FORMA_PAGAMENTO(CODIGO_FORMA_PAGAMENTO, DESCRICAO) VALUES(1,'Cartão de Crédito');
INSERT INTO TB_FORMA_PAGAMENTO(CODIGO_FORMA_PAGAMENTO, DESCRICAO) VALUES(2,'PIX');

-- TIPO_NF
INSERT INTO TB_TIPO_NF(CODIGO_TIPO_NF, DESCRICAO) VALUES(1,'SAIDA');
INSERT INTO TB_TIPO_NF(CODIGO_TIPO_NF, DESCRICAO) VALUES(2,'ENTRADA');



